{"0aecec04-4d3e-44f0-9231-857bca844217": {"normal": [1.0, 1.0, 1.0], "point": [1.0, 1.0, 1.0], "size": -8.922840118408203, "t_bounds": [-10.0, 10.0], "v_bounds": [0.0, 1.0], "name": "Object", "FigureTypes": "Plane", "color": "#42f593", "opacity": 0.5}, "e2c706a8-61a2-40c5-a677-ea25c1570076": {"normal": [1.0, 0.0, 6.0], "point": [1.0, 1.0, 1.0], "size": -12.886196613311768, "t_bounds": [-10.0, 10.0], "v_bounds": [0.0, 1.0], "name": "Object", "FigureTypes": "Plane", "color": "#aa007f", "opacity": 0.5}}