{"db900a29-2cec-4ad4-babb-7ceed1862d8a": {"normal": [1.0, 1.0, 1.0], "point": [1.0, 1.0, 1.0], "size": [2.0, 2.0], "t_bounds": [-10.0, 10.0], "v_bounds": [0.0, 1.0], "name": "Object", "FigureTypes": "Plane", "color": "#42f593", "opacity": 0.5}, "67bb266d-0c2b-420a-8a98-3b54dfcc958d": {"normal": [1.0, 2.0, 2.0], "point": [1.0, 1.0, 1.0], "size": [2.2307101488113403, 2.2307101488113403], "t_bounds": [-10.0, 10.0], "v_bounds": [0.0, 1.0], "name": "Object", "FigureTypes": "Plane", "color": "#55aaff", "opacity": 0.5}}