{"443e8d29-79ab-4028-9727-45e701f4119e": {"normal": [1.0, 1.0, 1.0], "point": [1.0, 1.0, 1.0], "size": [2.0, 2.0], "t_bounds": [-10.0, 10.0], "v_bounds": [0.0, 1.0], "name": "Object", "FigureTypes": "Plane", "color": "#42f593", "opacity": 0.5}, "f9ec946c-8338-4a91-a514-af78a2a4e295": {"normal": [1.0, 1.0, 1.0], "point": [1.0, 1.0, 2.0], "size": [2.2307101488113403, 2.2307101488113403], "t_bounds": [-10.0, 10.0], "v_bounds": [0.0, 1.0], "name": "Object", "FigureTypes": "Plane", "color": "#ff0000", "opacity": 0.5}}